FunctionName;FunctionSignature;Ploc;Bloc;FullPath;LineNo;
SetVersionInfoStr;void WizMachine.Data.US_SprFileHead.SetVersionInfoStr(System.Char[]);7;7;C:\Users\Hp\source\repos\users\trdhuy\ArtWiz\libs\WizMachine\WizMachine\Data\SPRData.cs;23
SetVersionInfoStr;void WizMachine.Data.US_SprFileHead.SetVersionInfoStr(System.Byte[]);7;7;C:\Users\Hp\source\repos\users\trdhuy\ArtWiz\libs\WizMachine\WizMachine\Data\SPRData.cs;31
SetReserved;void WizMachine.Data.US_SprFileHead.SetReserved(System.Byte[]);7;7;C:\Users\Hp\source\repos\users\trdhuy\ArtWiz\libs\WizMachine\WizMachine\Data\SPRData.cs;39
GetVersionInfoStr;System.String WizMachine.Data.US_SprFileHead.GetVersionInfoStr();10;10;C:\Users\Hp\source\repos\users\trdhuy\ArtWiz\libs\WizMachine\WizMachine\Data\SPRData.cs;47
GetVersionInfo;System.Byte[] WizMachine.Data.US_SprFileHead.GetVersionInfo();9;9;C:\Users\Hp\source\repos\users\trdhuy\ArtWiz\libs\WizMachine\WizMachine\Data\SPRData.cs;58
GetReserved;System.Byte[] WizMachine.Data.US_SprFileHead.GetReserved();9;9;C:\Users\Hp\source\repos\users\trdhuy\ArtWiz\libs\WizMachine\WizMachine\Data\SPRData.cs;68
SprFileHead;WizMachine.Data.SprFileHead.SprFileHead(System.Byte[],System.UInt16,System.UInt16,System.Int16,System.Int16,System.UInt16,System.UInt16,System.UInt16,System.UInt16,System.Byte[]);22;22;C:\Users\Hp\source\repos\users\trdhuy\ArtWiz\libs\WizMachine\WizMachine\Data\SPRData.cs;104
get_modifiedSprFileHeadCache;WizMachine.Data.SprFileHead.SprFileHeadCache WizMachine.Data.SprFileHead.get_modifiedSprFileHeadCache();8;8;C:\Users\Hp\source\repos\users\trdhuy\ArtWiz\libs\WizMachine\WizMachine\Data\SPRData.cs;94
ToUnsafe;WizMachine.Data.US_SprFileHead WizMachine.Data.SprFileHead.ToUnsafe();19;19;C:\Users\Hp\source\repos\users\trdhuy\ArtWiz\libs\WizMachine\WizMachine\Data\SPRData.cs;127
IsNotEmpty;System.Boolean WizMachine.Data.SprFileHead.IsNotEmpty();4;4;C:\Users\Hp\source\repos\users\trdhuy\ArtWiz\libs\WizMachine\WizMachine\Data\SPRData.cs;147
CreateSprFileHead;WizMachine.Data.SprFileHead WizMachine.Data.SprFileHead.CreateSprFileHead();13;13;C:\Users\Hp\source\repos\users\trdhuy\ArtWiz\libs\WizMachine\WizMachine\Data\SPRData.cs;152
SprFileHeadCache;WizMachine.Data.SprFileHead.SprFileHeadCache.SprFileHeadCache(WizMachine.Data.SprFileHead);19;19;C:\Users\Hp\source\repos\users\trdhuy\ArtWiz\libs\WizMachine\WizMachine\Data\SPRData.cs;168
get_globalWidth;System.UInt16 WizMachine.Data.SprFileHead.SprFileHeadCache.get_globalWidth();4;4;C:\Users\Hp\source\repos\users\trdhuy\ArtWiz\libs\WizMachine\WizMachine\Data\SPRData.cs;190
set_globalWidth;void WizMachine.Data.SprFileHead.SprFileHeadCache.set_globalWidth();4;4;C:\Users\Hp\source\repos\users\trdhuy\ArtWiz\libs\WizMachine\WizMachine\Data\SPRData.cs;194
get_globalHeight;System.UInt16 WizMachine.Data.SprFileHead.SprFileHeadCache.get_globalHeight();4;4;C:\Users\Hp\source\repos\users\trdhuy\ArtWiz\libs\WizMachine\WizMachine\Data\SPRData.cs;201
set_globalHeight;void WizMachine.Data.SprFileHead.SprFileHeadCache.set_globalHeight();4;4;C:\Users\Hp\source\repos\users\trdhuy\ArtWiz\libs\WizMachine\WizMachine\Data\SPRData.cs;205
get_offX;System.Int16 WizMachine.Data.SprFileHead.SprFileHeadCache.get_offX();4;4;C:\Users\Hp\source\repos\users\trdhuy\ArtWiz\libs\WizMachine\WizMachine\Data\SPRData.cs;212
set_offX;void WizMachine.Data.SprFileHead.SprFileHeadCache.set_offX();4;4;C:\Users\Hp\source\repos\users\trdhuy\ArtWiz\libs\WizMachine\WizMachine\Data\SPRData.cs;216
get_offY;System.Int16 WizMachine.Data.SprFileHead.SprFileHeadCache.get_offY();4;4;C:\Users\Hp\source\repos\users\trdhuy\ArtWiz\libs\WizMachine\WizMachine\Data\SPRData.cs;223
set_offY;void WizMachine.Data.SprFileHead.SprFileHeadCache.set_offY();4;4;C:\Users\Hp\source\repos\users\trdhuy\ArtWiz\libs\WizMachine\WizMachine\Data\SPRData.cs;227
get_Interval;System.UInt16 WizMachine.Data.SprFileHead.SprFileHeadCache.get_Interval();4;4;C:\Users\Hp\source\repos\users\trdhuy\ArtWiz\libs\WizMachine\WizMachine\Data\SPRData.cs;234
set_Interval;void WizMachine.Data.SprFileHead.SprFileHeadCache.set_Interval();4;4;C:\Users\Hp\source\repos\users\trdhuy\ArtWiz\libs\WizMachine\WizMachine\Data\SPRData.cs;238
get_FrameCounts;System.UInt16 WizMachine.Data.SprFileHead.SprFileHeadCache.get_FrameCounts();4;4;C:\Users\Hp\source\repos\users\trdhuy\ArtWiz\libs\WizMachine\WizMachine\Data\SPRData.cs;245
set_FrameCounts;void WizMachine.Data.SprFileHead.SprFileHeadCache.set_FrameCounts();4;4;C:\Users\Hp\source\repos\users\trdhuy\ArtWiz\libs\WizMachine\WizMachine\Data\SPRData.cs;249
ToSprFileHead;WizMachine.Data.SprFileHead WizMachine.Data.SprFileHead.SprFileHeadCache.ToSprFileHead();4;4;C:\Users\Hp\source\repos\users\trdhuy\ArtWiz\libs\WizMachine\WizMachine\Data\SPRData.cs;255
ToUnsafe;WizMachine.Data.US_SprFileHead WizMachine.Data.SprFileHead.SprFileHeadCache.ToUnsafe();19;19;C:\Users\Hp\source\repos\users\trdhuy\ArtWiz\libs\WizMachine\WizMachine\Data\SPRData.cs;260
InitFromSprFileHead;void WizMachine.Data.SprFileHead.SprFileHeadCache.InitFromSprFileHead(WizMachine.Data.SprFileHead);4;4;C:\Users\Hp\source\repos\users\trdhuy\ArtWiz\libs\WizMachine\WizMachine\Data\SPRData.cs;280
PaletteColor;WizMachine.Data.PaletteColor.PaletteColor(System.Byte,System.Byte,System.Byte,System.Byte);7;7;C:\Users\Hp\source\repos\users\trdhuy\ArtWiz\libs\WizMachine\WizMachine\Data\SPRData.cs;294
op_Equality;System.Boolean WizMachine.Data.PaletteColor.op_Equality(WizMachine.Data.PaletteColor,WizMachine.Data.PaletteColor);4;4;C:\Users\Hp\source\repos\users\trdhuy\ArtWiz\libs\WizMachine\WizMachine\Data\SPRData.cs;302
op_Inequality;System.Boolean WizMachine.Data.PaletteColor.op_Inequality(WizMachine.Data.PaletteColor,WizMachine.Data.PaletteColor);4;4;C:\Users\Hp\source\repos\users\trdhuy\ArtWiz\libs\WizMachine\WizMachine\Data\SPRData.cs;307
Equals;System.Boolean WizMachine.Data.PaletteColor.Equals(System.Object);18;18;C:\Users\Hp\source\repos\users\trdhuy\ArtWiz\libs\WizMachine\WizMachine\Data\SPRData.cs;312
GetHashCode;System.Int32 WizMachine.Data.PaletteColor.GetHashCode();4;4;C:\Users\Hp\source\repos\users\trdhuy\ArtWiz\libs\WizMachine\WizMachine\Data\SPRData.cs;330
Palette;WizMachine.Data.Palette.Palette(System.Int32);5;5;C:\Users\Hp\source\repos\users\trdhuy\ArtWiz\libs\WizMachine\WizMachine\Data\SPRData.cs;392
Palette;WizMachine.Data.Palette.Palette(WizMachine.Data.PaletteColor[]);6;6;C:\Users\Hp\source\repos\users\trdhuy\ArtWiz\libs\WizMachine\WizMachine\Data\SPRData.cs;398
PaletteCache;WizMachine.Data.Palette.PaletteCache.PaletteCache(WizMachine.Data.Palette);5;5;C:\Users\Hp\source\repos\users\trdhuy\ArtWiz\libs\WizMachine\WizMachine\Data\SPRData.cs;341
get_this[];WizMachine.Data.PaletteColor WizMachine.Data.Palette.PaletteCache.get_this[]();8;8;C:\Users\Hp\source\repos\users\trdhuy\ArtWiz\libs\WizMachine\WizMachine\Data\SPRData.cs;349
set_this[];void WizMachine.Data.Palette.PaletteCache.set_this[]();8;8;C:\Users\Hp\source\repos\users\trdhuy\ArtWiz\libs\WizMachine\WizMachine\Data\SPRData.cs;358
get_Data;WizMachine.Data.PaletteColor[] WizMachine.Data.Palette.PaletteCache.get_Data();4;4;C:\Users\Hp\source\repos\users\trdhuy\ArtWiz\libs\WizMachine\WizMachine\Data\SPRData.cs;370
get_modifiedPalette;WizMachine.Data.Palette.PaletteCache WizMachine.Data.Palette.get_modifiedPalette();8;8;C:\Users\Hp\source\repos\users\trdhuy\ArtWiz\libs\WizMachine\WizMachine\Data\SPRData.cs;382
IsContain;System.Boolean WizMachine.Data.Palette.IsContain(WizMachine.Data.PaletteColor);10;10;C:\Users\Hp\source\repos\users\trdhuy\ArtWiz\libs\WizMachine\WizMachine\Data\SPRData.cs;405
IsSame;System.Boolean WizMachine.Data.Palette.IsSame(WizMachine.Data.Palette);8;8;C:\Users\Hp\source\repos\users\trdhuy\ArtWiz\libs\WizMachine\WizMachine\Data\SPRData.cs;416
op_Equality;System.Boolean WizMachine.Data.Palette.op_Equality(WizMachine.Data.Palette,WizMachine.Data.Palette);12;12;C:\Users\Hp\source\repos\users\trdhuy\ArtWiz\libs\WizMachine\WizMachine\Data\SPRData.cs;425
op_Inequality;System.Boolean WizMachine.Data.Palette.op_Inequality(WizMachine.Data.Palette,WizMachine.Data.Palette);4;4;C:\Users\Hp\source\repos\users\trdhuy\ArtWiz\libs\WizMachine\WizMachine\Data\SPRData.cs;438
Equals;System.Boolean WizMachine.Data.Palette.Equals(System.Object);18;18;C:\Users\Hp\source\repos\users\trdhuy\ArtWiz\libs\WizMachine\WizMachine\Data\SPRData.cs;443
GetHashCode;System.Int32 WizMachine.Data.Palette.GetHashCode();4;4;C:\Users\Hp\source\repos\users\trdhuy\ArtWiz\libs\WizMachine\WizMachine\Data\SPRData.cs;462
get_modifiedFrameRGBACache;WizMachine.Data.FrameRGBA.FrameRGBACache WizMachine.Data.FrameRGBA.get_modifiedFrameRGBACache();13;11;C:\Users\Hp\source\repos\users\trdhuy\ArtWiz\libs\WizMachine\WizMachine\Data\SPRData.cs;492
IsFrameSizeChanged;System.Boolean WizMachine.Data.FrameRGBA.IsFrameSizeChanged();4;4;C:\Users\Hp\source\repos\users\trdhuy\ArtWiz\libs\WizMachine\WizMachine\Data\SPRData.cs;507
FrameRGBACache;WizMachine.Data.FrameRGBA.FrameRGBACache.FrameRGBACache(WizMachine.Data.FrameRGBA);11;11;C:\Users\Hp\source\repos\users\trdhuy\ArtWiz\libs\WizMachine\WizMachine\Data\SPRData.cs;520
get_frameWidth;System.UInt16 WizMachine.Data.FrameRGBA.FrameRGBACache.get_frameWidth();4;4;C:\Users\Hp\source\repos\users\trdhuy\ArtWiz\libs\WizMachine\WizMachine\Data\SPRData.cs;534
set_frameWidth;void WizMachine.Data.FrameRGBA.FrameRGBACache.set_frameWidth();4;4;C:\Users\Hp\source\repos\users\trdhuy\ArtWiz\libs\WizMachine\WizMachine\Data\SPRData.cs;538
get_frameHeight;System.UInt16 WizMachine.Data.FrameRGBA.FrameRGBACache.get_frameHeight();4;4;C:\Users\Hp\source\repos\users\trdhuy\ArtWiz\libs\WizMachine\WizMachine\Data\SPRData.cs;545
set_frameHeight;void WizMachine.Data.FrameRGBA.FrameRGBACache.set_frameHeight();4;4;C:\Users\Hp\source\repos\users\trdhuy\ArtWiz\libs\WizMachine\WizMachine\Data\SPRData.cs;549
get_frameOffX;System.Int16 WizMachine.Data.FrameRGBA.FrameRGBACache.get_frameOffX();4;4;C:\Users\Hp\source\repos\users\trdhuy\ArtWiz\libs\WizMachine\WizMachine\Data\SPRData.cs;556
set_frameOffX;void WizMachine.Data.FrameRGBA.FrameRGBACache.set_frameOffX();4;4;C:\Users\Hp\source\repos\users\trdhuy\ArtWiz\libs\WizMachine\WizMachine\Data\SPRData.cs;560
get_frameOffY;System.Int16 WizMachine.Data.FrameRGBA.FrameRGBACache.get_frameOffY();4;4;C:\Users\Hp\source\repos\users\trdhuy\ArtWiz\libs\WizMachine\WizMachine\Data\SPRData.cs;567
set_frameOffY;void WizMachine.Data.FrameRGBA.FrameRGBACache.set_frameOffY();4;4;C:\Users\Hp\source\repos\users\trdhuy\ArtWiz\libs\WizMachine\WizMachine\Data\SPRData.cs;571
get_modifiedBGRAData;System.Byte[] WizMachine.Data.FrameRGBA.FrameRGBACache.get_modifiedBGRAData();4;4;C:\Users\Hp\source\repos\users\trdhuy\ArtWiz\libs\WizMachine\WizMachine\Data\SPRData.cs;579
set_modifiedBGRAData;void WizMachine.Data.FrameRGBA.FrameRGBACache.set_modifiedBGRAData();4;4;C:\Users\Hp\source\repos\users\trdhuy\ArtWiz\libs\WizMachine\WizMachine\Data\SPRData.cs;583
toFrameRGBA;WizMachine.Data.FrameRGBA WizMachine.Data.FrameRGBA.FrameRGBACache.toFrameRGBA();4;4;C:\Users\Hp\source\repos\users\trdhuy\ArtWiz\libs\WizMachine\WizMachine\Data\SPRData.cs;590
SetCopiedPaletteData;void WizMachine.Data.FrameRGBA.FrameRGBACache.SetCopiedPaletteData(WizMachine.Data.Palette);4;4;C:\Users\Hp\source\repos\users\trdhuy\ArtWiz\libs\WizMachine\WizMachine\Data\SPRData.cs;595
GetFramePaletteData;WizMachine.Data.Palette WizMachine.Data.FrameRGBA.FrameRGBACache.GetFramePaletteData();4;4;C:\Users\Hp\source\repos\users\trdhuy\ArtWiz\libs\WizMachine\WizMachine\Data\SPRData.cs;600
get_paletteColorChangeIndexCache;System.Collections.Generic.Dictionary<System.Int32,System.ValueTuple<WizMachine.Data.PaletteColor,WizMachine.Data.PaletteColor>> WizMachine.Data.FrameRGBA.FrameRGBACache.get_paletteColorChangeIndexCache();8;8;C:\Users\Hp\source\repos\users\trdhuy\ArtWiz\libs\WizMachine\WizMachine\Data\SPRData.cs;609
ResetPaletteColorChangedIndex;void WizMachine.Data.FrameRGBA.FrameRGBACache.ResetPaletteColorChangedIndex();5;5;C:\Users\Hp\source\repos\users\trdhuy\ArtWiz\libs\WizMachine\WizMachine\Data\SPRData.cs;619
SetPaletteColorChangedIndex;void WizMachine.Data.FrameRGBA.FrameRGBACache.SetPaletteColorChangedIndex(System.Int32,WizMachine.Data.PaletteColor,WizMachine.Data.PaletteColor);12;12;C:\Users\Hp\source\repos\users\trdhuy\ArtWiz\libs\WizMachine\WizMachine\Data\SPRData.cs;625
GetPaletteColorChangedIndex;System.Int32[] WizMachine.Data.FrameRGBA.FrameRGBACache.GetPaletteColorChangedIndex();4;4;C:\Users\Hp\source\repos\users\trdhuy\ArtWiz\libs\WizMachine\WizMachine\Data\SPRData.cs;637
GetChangedPaletteColors;System.ValueTuple<WizMachine.Data.PaletteColor,WizMachine.Data.PaletteColor>[] WizMachine.Data.FrameRGBA.FrameRGBACache.GetChangedPaletteColors();11;11;C:\Users\Hp\source\repos\users\trdhuy\ArtWiz\libs\WizMachine\WizMachine\Data\SPRData.cs;641
EngineKeeper;WizMachine.EngineKeeper.EngineKeeper();4;4;C:\Users\Hp\source\repos\users\trdhuy\ArtWiz\libs\WizMachine\WizMachine\EngineKeeper.cs;44
GetSprWorkManagerService;WizMachine.Services.Base.ISprWorkManagerAdvance WizMachine.EngineKeeper.GetSprWorkManagerService();6;5;C:\Users\Hp\source\repos\users\trdhuy\ArtWiz\libs\WizMachine\WizMachine\EngineKeeper.cs;15
ForceCheckCallingSignature;System.Boolean WizMachine.EngineKeeper.ForceCheckCallingSignature();12;12;C:\Users\Hp\source\repos\users\trdhuy\ArtWiz\libs\WizMachine\WizMachine\EngineKeeper.cs;22
Init;void WizMachine.EngineKeeper.Init(System.IO.StreamWriter);7;6;C:\Users\Hp\source\repos\users\trdhuy\ArtWiz\libs\WizMachine\WizMachine\EngineKeeper.cs;35
ResetWorkSpace;void WizMachine.Services.Base.ISprWorkManagerCore.ResetWorkSpace();4;4;C:\Users\Hp\source\repos\users\trdhuy\ArtWiz\libs\WizMachine\WizMachine\Services\Base\ISprWorkManagerCore.cs;18
get_IsWorkSpaceEmpty;System.Boolean WizMachine.Services.Base.ISprWorkManagerCore.get_IsWorkSpaceEmpty();1;1;C:\Users\Hp\source\repos\users\trdhuy\ArtWiz\libs\WizMachine\WizMachine\Services\Base\ISprWorkManagerCore.cs;23
InitWorkManagerFromSprFile;System.Boolean WizMachine.Services.Base.ISprWorkManagerCore.InitWorkManagerFromSprFile(System.String);15;15;C:\Users\Hp\source\repos\users\trdhuy\ArtWiz\libs\WizMachine\WizMachine\Services\Base\ISprWorkManagerCore.cs;38
InitWorkManagerFromSprFile;System.Boolean WizMachine.Services.Base.ISprWorkManagerCore.InitWorkManagerFromSprFile(System.IO.FileStream);16;15;C:\Users\Hp\source\repos\users\trdhuy\ArtWiz\libs\WizMachine\WizMachine\Services\Base\ISprWorkManagerCore.cs;59
SaveCurrentWorkToSpr;void WizMachine.Services.Base.ISprWorkManagerCore.SaveCurrentWorkToSpr(System.String,System.Boolean);68;58;C:\Users\Hp\source\repos\users\trdhuy\ArtWiz\libs\WizMachine\WizMachine\Services\Base\ISprWorkManagerCore.cs;81
SaveBitmapSourceToSprFile;void WizMachine.Services.Base.ISprWorkManagerCore.SaveBitmapSourceToSprFile(System.Windows.Media.Imaging.BitmapSource,System.String);45;43;C:\Users\Hp\source\repos\users\trdhuy\ArtWiz\libs\WizMachine\WizMachine\Services\Base\ISprWorkManagerCore.cs;153
WizMachine.Services.Base.ISprWorkManagerAdvance.SetNewColorToGlobalPalette;void WizMachine.Services.Impl.SprWorkManagerAdvance.WizMachine.Services.Base.ISprWorkManagerAdvance.SetNewColorToGlobalPalette(System.UInt32,System.Byte,System.Byte,System.Byte);18;18;C:\Users\Hp\source\repos\users\trdhuy\ArtWiz\libs\WizMachine\WizMachine\Services\Impl\SprWorkManagerAdvance.cs;16
WizMachine.Services.Base.ISprWorkManagerAdvance.SetNewColorToInsertedFramePalette;void WizMachine.Services.Impl.SprWorkManagerAdvance.WizMachine.Services.Base.ISprWorkManagerAdvance.SetNewColorToInsertedFramePalette(System.Int32,System.UInt32,System.Byte,System.Byte,System.Byte);34;32;C:\Users\Hp\source\repos\users\trdhuy\ArtWiz\libs\WizMachine\WizMachine\Services\Impl\SprWorkManagerAdvance.cs;35
WizMachine.Services.Base.ISprWorkManagerAdvance.InsertFrame;System.Boolean WizMachine.Services.Impl.SprWorkManagerAdvance.WizMachine.Services.Base.ISprWorkManagerAdvance.InsertFrame(System.UInt32,System.UInt16,System.UInt16,WizMachine.Data.PaletteColor[],System.Byte[],WizMachine.Data.Palette,System.Collections.Generic.Dictionary<System.Windows.Media.Color,System.Int64>,System.Collections.Generic.Dictionary<System.Int32,System.Collections.Generic.List<System.Int64>>);75;52;C:\Users\Hp\source\repos\users\trdhuy\ArtWiz\libs\WizMachine\WizMachine\Services\Impl\SprWorkManagerAdvance.cs;70
WizMachine.Services.Base.ISprWorkManagerAdvance.RemoveFrame;System.Boolean WizMachine.Services.Impl.SprWorkManagerAdvance.WizMachine.Services.Base.ISprWorkManagerAdvance.RemoveFrame(System.UInt32);19;19;C:\Users\Hp\source\repos\users\trdhuy\ArtWiz\libs\WizMachine\WizMachine\Services\Impl\SprWorkManagerAdvance.cs;146
WizMachine.Services.Base.ISprWorkManagerAdvance.SwitchFrame;System.Boolean WizMachine.Services.Impl.SprWorkManagerAdvance.WizMachine.Services.Base.ISprWorkManagerAdvance.SwitchFrame(System.UInt32,System.UInt32);19;17;C:\Users\Hp\source\repos\users\trdhuy\ArtWiz\libs\WizMachine\WizMachine\Services\Impl\SprWorkManagerAdvance.cs;166
WizMachine.Services.Base.ISprWorkManagerAdvance.SetFrameSize;void WizMachine.Services.Impl.SprWorkManagerAdvance.WizMachine.Services.Base.ISprWorkManagerAdvance.SetFrameSize(System.UInt16,System.UInt16,System.UInt32,System.Nullable<System.Windows.Media.Color>);13;13;C:\Users\Hp\source\repos\users\trdhuy\ArtWiz\libs\WizMachine\WizMachine\Services\Impl\SprWorkManagerAdvance.cs;186
WizMachine.Services.Base.ISprWorkManagerAdvance.SetGlobalSize;void WizMachine.Services.Impl.SprWorkManagerAdvance.WizMachine.Services.Base.ISprWorkManagerAdvance.SetGlobalSize(System.UInt16,System.UInt16);9;9;C:\Users\Hp\source\repos\users\trdhuy\ArtWiz\libs\WizMachine\WizMachine\Services\Impl\SprWorkManagerAdvance.cs;200
WizMachine.Services.Base.ISprWorkManagerAdvance.SetGlobalOffset;void WizMachine.Services.Impl.SprWorkManagerAdvance.WizMachine.Services.Base.ISprWorkManagerAdvance.SetGlobalOffset(System.Int16,System.Int16);9;9;C:\Users\Hp\source\repos\users\trdhuy\ArtWiz\libs\WizMachine\WizMachine\Services\Impl\SprWorkManagerAdvance.cs;210
WizMachine.Services.Base.ISprWorkManagerAdvance.SetFrameOffset;void WizMachine.Services.Impl.SprWorkManagerAdvance.WizMachine.Services.Base.ISprWorkManagerAdvance.SetFrameOffset(System.Int16,System.Int16,System.UInt32);15;13;C:\Users\Hp\source\repos\users\trdhuy\ArtWiz\libs\WizMachine\WizMachine\Services\Impl\SprWorkManagerAdvance.cs;220
WizMachine.Services.Base.ISprWorkManagerAdvance.SetSprInterval;void WizMachine.Services.Impl.SprWorkManagerAdvance.WizMachine.Services.Base.ISprWorkManagerAdvance.SetSprInterval(System.UInt16);7;6;C:\Users\Hp\source\repos\users\trdhuy\ArtWiz\libs\WizMachine\WizMachine\Services\Impl\SprWorkManagerAdvance.cs;236
WizMachine.Services.Base.ISprWorkManagerAdvance.GetFrameData;System.Nullable<WizMachine.Data.FrameRGBA> WizMachine.Services.Impl.SprWorkManagerAdvance.WizMachine.Services.Base.ISprWorkManagerAdvance.GetFrameData(System.UInt32);8;8;C:\Users\Hp\source\repos\users\trdhuy\ArtWiz\libs\WizMachine\WizMachine\Services\Impl\SprWorkManagerAdvance.cs;244
WizMachine.Services.Base.ISprWorkManagerAdvance.GetDecodedBGRAData;System.Byte[] WizMachine.Services.Impl.SprWorkManagerAdvance.WizMachine.Services.Base.ISprWorkManagerAdvance.GetDecodedBGRAData(System.UInt32,out System.Collections.Generic.List<System.ValueTuple<System.Windows.Media.Color,System.Windows.Media.Color,System.Int32>>);49;42;C:\Users\Hp\source\repos\users\trdhuy\ArtWiz\libs\WizMachine\WizMachine\Services\Impl\SprWorkManagerAdvance.cs;253
get_IsCacheEmpty;System.Boolean WizMachine.Services.Impl.SprWorkManagerCore.get_IsCacheEmpty();1;1;C:\Users\Hp\source\repos\users\trdhuy\ArtWiz\libs\WizMachine\WizMachine\Services\Impl\SprWorkManagerCore.cs;25
get_WizMachine.Services.Base.ISprWorkManagerCore.FileHead;WizMachine.Data.SprFileHead WizMachine.Services.Impl.SprWorkManagerCore.get_WizMachine.Services.Base.ISprWorkManagerCore.FileHead();4;4;C:\Users\Hp\source\repos\users\trdhuy\ArtWiz\libs\WizMachine\WizMachine\Services\Impl\SprWorkManagerCore.cs;30
get_WizMachine.Services.Base.ISprWorkManagerCore.PaletteData;WizMachine.Data.Palette WizMachine.Services.Impl.SprWorkManagerCore.get_WizMachine.Services.Base.ISprWorkManagerCore.PaletteData();4;4;C:\Users\Hp\source\repos\users\trdhuy\ArtWiz\libs\WizMachine\WizMachine\Services\Impl\SprWorkManagerCore.cs;38
get_WizMachine.Services.Base.ISprWorkManagerCore.IsCacheEmpty;System.Boolean WizMachine.Services.Impl.SprWorkManagerCore.get_WizMachine.Services.Base.ISprWorkManagerCore.IsCacheEmpty();1;1;C:\Users\Hp\source\repos\users\trdhuy\ArtWiz\libs\WizMachine\WizMachine\Services\Impl\SprWorkManagerCore.cs;44
ApplyPaletteToFrame;void WizMachine.Services.Impl.SprWorkManagerCore.ApplyPaletteToFrame(WizMachine.Data.Palette,WizMachine.Data.FrameRGBA);20;18;C:\Users\Hp\source\repos\users\trdhuy\ArtWiz\libs\WizMachine\WizMachine\Services\Impl\SprWorkManagerCore.cs;50
FindClosetRGBColorInPalette;WizMachine.Data.PaletteColor WizMachine.Services.Impl.SprWorkManagerCore.FindClosetRGBColorInPalette(System.Byte,System.Byte,System.Byte,WizMachine.Data.Palette);19;19;C:\Users\Hp\source\repos\users\trdhuy\ArtWiz\libs\WizMachine\WizMachine\Services\Impl\SprWorkManagerCore.cs;71
EncryptFrameData;System.Byte[] WizMachine.Services.Impl.SprWorkManagerCore.EncryptFrameData(System.Byte[],WizMachine.Data.PaletteColor[],System.UInt16,System.UInt16,System.UInt16,System.UInt16);71;65;C:\Users\Hp\source\repos\users\trdhuy\ArtWiz\libs\WizMachine\WizMachine\Services\Impl\SprWorkManagerCore.cs;91
FindPaletteIndex;System.Byte WizMachine.Services.Impl.SprWorkManagerCore.FindPaletteIndex(System.Byte,System.Byte,System.Byte,WizMachine.Data.PaletteColor[]);14;13;C:\Users\Hp\source\repos\users\trdhuy\ArtWiz\libs\WizMachine\WizMachine\Services\Impl\SprWorkManagerCore.cs;94
EncryptedSprFile;System.Byte[] WizMachine.Services.Impl.SprWorkManagerCore.EncryptedSprFile(System.Collections.Generic.List<System.Byte[]>,WizMachine.Data.PaletteColor[],System.UInt16,System.UInt16,System.Int16,System.Int16,System.UInt16,System.UInt16,System.Byte[]);70;57;C:\Users\Hp\source\repos\users\trdhuy\ArtWiz\libs\WizMachine\WizMachine\Services\Impl\SprWorkManagerCore.cs;163
WritePaletteColorToByteList;void WizMachine.Services.Impl.SprWorkManagerCore.WritePaletteColorToByteList(WizMachine.Data.PaletteColor,System.Collections.Generic.List<System.Byte>);6;6;C:\Users\Hp\source\repos\users\trdhuy\ArtWiz\libs\WizMachine\WizMachine\Services\Impl\SprWorkManagerCore.cs;174
WriteFrameOffsetInfoList;void WizMachine.Services.Impl.SprWorkManagerCore.WriteFrameOffsetInfoList(System.Collections.Generic.List<System.Byte[]>,System.Collections.Generic.List<System.Byte>,System.Int32);10;10;C:\Users\Hp\source\repos\users\trdhuy\ArtWiz\libs\WizMachine\WizMachine\Services\Impl\SprWorkManagerCore.cs;181
WizMachine.Services.Base.ISprWorkManagerCore.InitCache;void WizMachine.Services.Impl.SprWorkManagerCore.WizMachine.Services.Base.ISprWorkManagerCore.InitCache();7;7;C:\Users\Hp\source\repos\users\trdhuy\ArtWiz\libs\WizMachine\WizMachine\Services\Impl\SprWorkManagerCore.cs;236
WizMachine.Services.Base.ISprWorkManagerCore.ApplyNewPaletteToOldFrames;void WizMachine.Services.Impl.SprWorkManagerCore.WizMachine.Services.Base.ISprWorkManagerCore.ApplyNewPaletteToOldFrames(WizMachine.Data.Palette);10;10;C:\Users\Hp\source\repos\users\trdhuy\ArtWiz\libs\WizMachine\WizMachine\Services\Impl\SprWorkManagerCore.cs;244
WizMachine.Services.Base.ISprWorkManagerCore.ApplyNewPaletteToInsertedFrames;void WizMachine.Services.Impl.SprWorkManagerCore.WizMachine.Services.Base.ISprWorkManagerCore.ApplyNewPaletteToInsertedFrames(WizMachine.Data.Palette);10;10;C:\Users\Hp\source\repos\users\trdhuy\ArtWiz\libs\WizMachine\WizMachine\Services\Impl\SprWorkManagerCore.cs;255
WizMachine.Services.Base.ISprWorkManagerCore.IsNeedToApplyNewPaletteToOldFrames;System.Boolean WizMachine.Services.Impl.SprWorkManagerCore.WizMachine.Services.Base.ISprWorkManagerCore.IsNeedToApplyNewPaletteToOldFrames(WizMachine.Data.Palette);4;4;C:\Users\Hp\source\repos\users\trdhuy\ArtWiz\libs\WizMachine\WizMachine\Services\Impl\SprWorkManagerCore.cs;266
WizMachine.Services.Base.ISprWorkManagerCore.IsPossibleToSaveFile;System.Boolean WizMachine.Services.Impl.SprWorkManagerCore.WizMachine.Services.Base.ISprWorkManagerCore.IsPossibleToSaveFile();18;4;C:\Users\Hp\source\repos\users\trdhuy\ArtWiz\libs\WizMachine\WizMachine\Services\Impl\SprWorkManagerCore.cs;271
WizMachine.Services.Base.ISprWorkManagerCore.InitCacheAll;void WizMachine.Services.Impl.SprWorkManagerCore.WizMachine.Services.Base.ISprWorkManagerCore.InitCacheAll(WizMachine.Data.SprFileHead,WizMachine.Data.Palette,System.Int32,WizMachine.Data.FrameRGBA[]);10;10;C:\Users\Hp\source\repos\users\trdhuy\ArtWiz\libs\WizMachine\WizMachine\Services\Impl\SprWorkManagerCore.cs;290
WizMachine.Services.Base.ISprWorkManagerCore.InitFromFileHead;void WizMachine.Services.Impl.SprWorkManagerCore.WizMachine.Services.Base.ISprWorkManagerCore.InitFromFileHead(WizMachine.Data.US_SprFileHead);16;15;C:\Users\Hp\source\repos\users\trdhuy\ArtWiz\libs\WizMachine\WizMachine\Services\Impl\SprWorkManagerCore.cs;301
WizMachine.Services.Base.ISprWorkManagerCore.InitPaletteDataFromFileStream;void WizMachine.Services.Impl.SprWorkManagerCore.WizMachine.Services.Base.ISprWorkManagerCore.InitPaletteDataFromFileStream(System.IO.FileStream,WizMachine.Data.US_SprFileHead);11;11;C:\Users\Hp\source\repos\users\trdhuy\ArtWiz\libs\WizMachine\WizMachine\Services\Impl\SprWorkManagerCore.cs;318
WizMachine.Services.Base.ISprWorkManagerCore.InitFrameData;void WizMachine.Services.Impl.SprWorkManagerCore.WizMachine.Services.Base.ISprWorkManagerCore.InitFrameData(System.IO.FileStream);29;26;C:\Users\Hp\source\repos\users\trdhuy\ArtWiz\libs\WizMachine\WizMachine\Services\Impl\SprWorkManagerCore.cs;330
WizMachine.Services.Base.ISprWorkManagerCore.GetByteArrayFromHeader;System.Byte[] WizMachine.Services.Impl.SprWorkManagerCore.WizMachine.Services.Base.ISprWorkManagerCore.GetByteArrayFromHeader(System.Boolean,System.Boolean,System.UInt16);14;14;C:\Users\Hp\source\repos\users\trdhuy\ArtWiz\libs\WizMachine\WizMachine\Services\Impl\SprWorkManagerCore.cs;360
WizMachine.Services.Base.ISprWorkManagerCore.GetByteArrayFromAllFramesOffsetInfo;System.Byte[] WizMachine.Services.Impl.SprWorkManagerCore.WizMachine.Services.Base.ISprWorkManagerCore.GetByteArrayFromAllFramesOffsetInfo(System.Byte[][]);16;16;C:\Users\Hp\source\repos\users\trdhuy\ArtWiz\libs\WizMachine\WizMachine\Services\Impl\SprWorkManagerCore.cs;375
WizMachine.Services.Base.ISprWorkManagerCore.GetByteArrayFromPaletteData;System.Byte[] WizMachine.Services.Impl.SprWorkManagerCore.WizMachine.Services.Base.ISprWorkManagerCore.GetByteArrayFromPaletteData(System.Boolean);9;8;C:\Users\Hp\source\repos\users\trdhuy\ArtWiz\libs\WizMachine\WizMachine\Services\Impl\SprWorkManagerCore.cs;392
WizMachine.Services.Base.ISprWorkManagerCore.GetByteArrayFromEncryptedFrameData;System.Byte[] WizMachine.Services.Impl.SprWorkManagerCore.WizMachine.Services.Base.ISprWorkManagerCore.GetByteArrayFromEncryptedFrameData(System.Int32,System.Boolean,System.Boolean,System.Nullable<WizMachine.Data.Palette>);71;69;C:\Users\Hp\source\repos\users\trdhuy\ArtWiz\libs\WizMachine\WizMachine\Services\Impl\SprWorkManagerCore.cs;402
getPaletteColorInRef;WizMachine.Data.PaletteColor WizMachine.Services.Impl.SprWorkManagerCore.getPaletteColorInRef(System.UInt32,System.UInt32,System.UInt16,System.UInt16,System.Byte[]);19;19;C:\Users\Hp\source\repos\users\trdhuy\ArtWiz\libs\WizMachine\WizMachine\Services\Impl\SprWorkManagerCore.cs;412
WizMachine.Services.Base.ISprWorkManagerCore.EncryptFrameData;System.Byte[] WizMachine.Services.Impl.SprWorkManagerCore.WizMachine.Services.Base.ISprWorkManagerCore.EncryptFrameData(System.Byte[],WizMachine.Data.PaletteColor[],System.UInt16,System.UInt16,System.UInt16,System.UInt16);14;14;C:\Users\Hp\source\repos\users\trdhuy\ArtWiz\libs\WizMachine\WizMachine\Services\Impl\SprWorkManagerCore.cs;474
WizMachine.Services.Base.ISprWorkManagerCore.EncryptedSprFile;System.Byte[] WizMachine.Services.Impl.SprWorkManagerCore.WizMachine.Services.Base.ISprWorkManagerCore.EncryptedSprFile(System.Collections.Generic.List<System.Byte[]>,WizMachine.Data.PaletteColor[],System.UInt16,System.UInt16,System.Int16,System.Int16,System.UInt16,System.UInt16,System.Byte[]);20;20;C:\Users\Hp\source\repos\users\trdhuy\ArtWiz\libs\WizMachine\WizMachine\Services\Impl\SprWorkManagerCore.cs;489
WizMachine.Services.Base.ISprWorkManagerCore.IsContainInsertedFrame;System.Boolean WizMachine.Services.Impl.SprWorkManagerCore.WizMachine.Services.Base.ISprWorkManagerCore.IsContainInsertedFrame();4;4;C:\Users\Hp\source\repos\users\trdhuy\ArtWiz\libs\WizMachine\WizMachine\Services\Impl\SprWorkManagerCore.cs;510
WizMachine.Services.Base.ISprWorkManagerCore.RecalculatePaletteColorForAllInsertedFrame;System.Boolean WizMachine.Services.Impl.SprWorkManagerCore.WizMachine.Services.Base.ISprWorkManagerCore.RecalculatePaletteColorForAllInsertedFrame(out System.Nullable<WizMachine.Data.Palette>);27;23;C:\Users\Hp\source\repos\users\trdhuy\ArtWiz\libs\WizMachine\WizMachine\Services\Impl\SprWorkManagerCore.cs;515
IsContainInsertedFrameInternal;System.Boolean WizMachine.Services.Impl.SprWorkManagerCore.IsContainInsertedFrameInternal();4;4;C:\Users\Hp\source\repos\users\trdhuy\ArtWiz\libs\WizMachine\WizMachine\Services\Impl\SprWorkManagerCore.cs;544
InitDecodedFrameData;WizMachine.Data.PaletteColor[] WizMachine.Services.Impl.SprWorkManagerCore.InitDecodedFrameData(System.IO.FileStream,System.UInt32,out System.UInt16,out System.UInt16,WizMachine.Services.Impl.ColorMode,out System.UInt16,out System.UInt16,out System.Collections.Generic.Dictionary<System.Int32,System.Collections.Generic.List<System.Int64>>,out System.Byte[]);149;123;C:\Users\Hp\source\repos\users\trdhuy\ArtWiz\libs\WizMachine\WizMachine\Services\Impl\SprWorkManagerCore.cs;549
ExportToSPRFile;void WizMachine.Services.Utils.NativeEngine.ExportToSPRFile(System.String,WizMachine.Services.Utils.NativeEngine.NSPRFileHead,WizMachine.Services.Utils.NativeEngine.NColor[],System.Int32,WizMachine.Services.Utils.NativeEngine.NFrameData[]);6;5;C:\Users\Hp\source\repos\users\trdhuy\ArtWiz\libs\WizMachine\WizMachine\Services\Utils\NativeEngine.cs;54
LoadSPRFile;void WizMachine.Services.Utils.NativeEngine.LoadSPRFile(System.String,out WizMachine.Services.Utils.NativeEngine.NSPRFileHead,out WizMachine.Services.Utils.NativeEngine.NColor[],out System.Int32,out System.Int32,out WizMachine.Services.Utils.NativeEngine.NFrameData[],out System.Int32);12;7;C:\Users\Hp\source\repos\users\trdhuy\ArtWiz\libs\WizMachine\WizMachine\Services\Utils\NativeEngine.cs;61
FreeArrData;void WizMachine.Services.Utils.NativeEngine.FreeArrData(System.IntPtr);2;1;C:\Users\Hp\source\repos\users\trdhuy\ArtWiz\libs\WizMachine\WizMachine\Services\Utils\NativeEngine.cs;74
ExtractPakFile;void WizMachine.Services.Utils.NativeEngine.ExtractPakFile(System.String,System.String,System.String);4;3;C:\Users\Hp\source\repos\users\trdhuy\ArtWiz\libs\WizMachine\WizMachine\Services\Utils\NativeEngine.cs;78
CompressFolderToPakFile;void WizMachine.Services.Utils.NativeEngine.CompressFolderToPakFile(System.String,System.String);3;2;C:\Users\Hp\source\repos\users\trdhuy\ArtWiz\libs\WizMachine\WizMachine\Services\Utils\NativeEngine.cs;83
ForceCheckCertPermission;void WizMachine.Services.Utils.NativeEngine.ForceCheckCertPermission(WizMachine.Data.CertInfo);2;1;C:\Users\Hp\source\repos\users\trdhuy\ArtWiz\libs\WizMachine\WizMachine\Services\Utils\NativeEngine.cs;87
GetCertificateInfo;System.Int32 WizMachine.Services.Utils.NativeEngine.GetCertificateInfo(System.String,ref WizMachine.Services.Utils.NativeEngine.CertInfo);2;1;C:\Users\Hp\source\repos\users\trdhuy\ArtWiz\libs\WizMachine\WizMachine\Services\Utils\NativeEngine.cs;102
FreeCertInfo;void WizMachine.Services.Utils.NativeEngine.FreeCertInfo(ref WizMachine.Services.Utils.NativeEngine.CertInfo);2;1;C:\Users\Hp\source\repos\users\trdhuy\ArtWiz\libs\WizMachine\WizMachine\Services\Utils\NativeEngine.cs;105
ForceCheckCertPermission;System.Boolean WizMachine.Services.Utils.NativeAPIAdapter.ForceCheckCertPermission(WizMachine.Data.CertInfo);12;12;C:\Users\Hp\source\repos\users\trdhuy\ArtWiz\libs\WizMachine\WizMachine\Services\Utils\NativeEngine.cs;111
GetSignedCertInfoFromFile;WizMachine.Data.CertInfo WizMachine.Services.Utils.NativeAPIAdapter.GetSignedCertInfoFromFile(System.String);24;21;C:\Users\Hp\source\repos\users\trdhuy\ArtWiz\libs\WizMachine\WizMachine\Services\Utils\NativeEngine.cs;124
ExtractPakFile;System.Boolean WizMachine.Services.Utils.NativeAPIAdapter.ExtractPakFile(System.String,System.String,System.String);7;7;C:\Users\Hp\source\repos\users\trdhuy\ArtWiz\libs\WizMachine\WizMachine\Services\Utils\NativeEngine.cs;149
CompressFolderToPakFile;System.Boolean WizMachine.Services.Utils.NativeAPIAdapter.CompressFolderToPakFile(System.String,System.String);6;6;C:\Users\Hp\source\repos\users\trdhuy\ArtWiz\libs\WizMachine\WizMachine\Services\Utils\NativeEngine.cs;157
LoadSPRFile;System.Boolean WizMachine.Services.Utils.NativeAPIAdapter.LoadSPRFile(System.String,out WizMachine.Data.SprFileHead,out WizMachine.Data.Palette,out System.Int32,out WizMachine.Data.FrameRGBA[]);31;26;C:\Users\Hp\source\repos\users\trdhuy\ArtWiz\libs\WizMachine\WizMachine\Services\Utils\NativeEngine.cs;164
ConvertNativeSprFileHeadToAppData;WizMachine.Data.SprFileHead WizMachine.Services.Utils.NativeAPIAdapter.ConvertNativeSprFileHeadToAppData(WizMachine.Services.Utils.NativeEngine.NSPRFileHead);13;13;C:\Users\Hp\source\repos\users\trdhuy\ArtWiz\libs\WizMachine\WizMachine\Services\Utils\NativeEngine.cs;196
ConvertNativeColorPaletteToAppData;WizMachine.Data.Palette WizMachine.Services.Utils.NativeAPIAdapter.ConvertNativeColorPaletteToAppData(WizMachine.Services.Utils.NativeEngine.NColor[],System.Int32);13;12;C:\Users\Hp\source\repos\users\trdhuy\ArtWiz\libs\WizMachine\WizMachine\Services\Utils\NativeEngine.cs;210
ConvertAndFreeNativeFrameDataToAppData;WizMachine.Data.FrameRGBA WizMachine.Services.Utils.NativeAPIAdapter.ConvertAndFreeNativeFrameDataToAppData(WizMachine.Services.Utils.NativeEngine.NFrameData);44;39;C:\Users\Hp\source\repos\users\trdhuy\ArtWiz\libs\WizMachine\WizMachine\Services\Utils\NativeEngine.cs;224
SelectMostUsePaletteColorFromCountableColorSource;WizMachine.Data.PaletteColor[] WizMachine.Utils.BitmapUtil.SelectMostUsePaletteColorFromCountableColorSource(System.Int32,System.UInt32,System.Collections.Generic.Dictionary<System.Windows.Media.Color,System.Int64>[]);11;11;C:\Users\Hp\source\repos\users\trdhuy\ArtWiz\libs\WizMachine\WizMachine\Utils\BitmapUtil.cs;13
SelectMostUseColorFromCountableColorSource;System.Collections.Generic.List<System.Windows.Media.Color> WizMachine.Utils.BitmapUtil.SelectMostUseColorFromCountableColorSource(System.Int32,System.UInt32,System.Collections.Generic.Dictionary<System.Windows.Media.Color,System.Int64>[]);38;34;C:\Users\Hp\source\repos\users\trdhuy\ArtWiz\libs\WizMachine\WizMachine\Utils\BitmapUtil.cs;25
SelectMostUseColorFromCountableColorSource;System.Collections.Generic.List<System.Windows.Media.Color> WizMachine.Utils.BitmapUtil.SelectMostUseColorFromCountableColorSource(System.Collections.Generic.List<System.ValueTuple<System.Windows.Media.Color,System.Int64>>,System.Int32,System.UInt32,out System.Int32,out System.Collections.Generic.List<System.Windows.Media.Color>,out System.Collections.Generic.List<System.Windows.Media.Color>,out System.Collections.Generic.List<System.Windows.Media.Color>,System.Boolean,System.Nullable<System.Windows.Media.Color>,System.Int32,System.Int32,System.Int32);33;31;C:\Users\Hp\source\repos\users\trdhuy\ArtWiz\libs\WizMachine\WizMachine\Utils\BitmapUtil.cs;64
SelectMostUseColorFromOrderedDescendingColorSource;System.Collections.Generic.List<System.Windows.Media.Color> WizMachine.Utils.BitmapUtil.SelectMostUseColorFromOrderedDescendingColorSource(System.Collections.Generic.List<System.ValueTuple<System.Windows.Media.Color,System.Int64>>,System.Int32,System.UInt32,out System.Int32,out System.Collections.Generic.List<System.Windows.Media.Color>,out System.Collections.Generic.List<System.Windows.Media.Color>,out System.Collections.Generic.List<System.Windows.Media.Color>,System.Boolean,System.Nullable<System.Windows.Media.Color>,System.Int32,System.Int32,System.Int32);95;68;C:\Users\Hp\source\repos\users\trdhuy\ArtWiz\libs\WizMachine\WizMachine\Utils\BitmapUtil.cs;98
CountBGRAColors;System.Collections.Generic.Dictionary<System.Windows.Media.Color,System.Int64> WizMachine.Utils.BitmapUtil.CountBGRAColors(System.Byte[],out System.Int64,out System.Int64,out System.Collections.Generic.Dictionary<System.Windows.Media.Color,System.Int64>,out System.Collections.Generic.Dictionary<System.Windows.Media.Color,System.Int64>);42;39;C:\Users\Hp\source\repos\users\trdhuy\ArtWiz\libs\WizMachine\WizMachine\Utils\BitmapUtil.cs;194
CountColors;System.Collections.Generic.Dictionary<System.Windows.Media.Color,System.Int64> WizMachine.Utils.BitmapUtil.CountColors(WizMachine.Data.PaletteColor[],out System.Int64,out System.Int64,out System.Collections.Generic.Dictionary<System.Windows.Media.Color,System.Int64>,out System.Collections.Generic.Dictionary<System.Windows.Media.Color,System.Int64>);42;39;C:\Users\Hp\source\repos\users\trdhuy\ArtWiz\libs\WizMachine\WizMachine\Utils\BitmapUtil.cs;237
CountColors;void WizMachine.Utils.BitmapUtil.CountColors(System.Windows.Media.Imaging.BitmapSource,out System.Int64,out System.Int64,out System.Collections.Generic.Dictionary<System.Windows.Media.Color,System.Int64>,out System.Collections.Generic.HashSet<System.Windows.Media.Color>);44;40;C:\Users\Hp\source\repos\users\trdhuy\ArtWiz\libs\WizMachine\WizMachine\Utils\BitmapUtil.cs;280
ConvertBitmapSourceToByteArray;System.Byte[] WizMachine.Utils.BitmapUtil.ConvertBitmapSourceToByteArray(System.Windows.Media.Imaging.BitmapSource);9;9;C:\Users\Hp\source\repos\users\trdhuy\ArtWiz\libs\WizMachine\WizMachine\Utils\BitmapUtil.cs;325
ConvertBitmapSourceToPaletteColorArray;WizMachine.Data.PaletteColor[] WizMachine.Utils.BitmapUtil.ConvertBitmapSourceToPaletteColorArray(System.Windows.Media.Imaging.BitmapSource);37;34;C:\Users\Hp\source\repos\users\trdhuy\ArtWiz\libs\WizMachine\WizMachine\Utils\BitmapUtil.cs;336
ConvertBitmapSourceToPaletteColorArray;WizMachine.Data.PaletteColor[] WizMachine.Utils.BitmapUtil.ConvertBitmapSourceToPaletteColorArray(System.Windows.Media.Imaging.BitmapSource,out System.Collections.Generic.Dictionary<System.Windows.Media.Color,System.Int64>,out System.Collections.Generic.Dictionary<System.Windows.Media.Color,System.Int64>,out WizMachine.Data.Palette,out System.Byte[],out System.Collections.Generic.Dictionary<System.Int32,System.Collections.Generic.List<System.Int64>>);106;102;C:\Users\Hp\source\repos\users\trdhuy\ArtWiz\libs\WizMachine\WizMachine\Utils\BitmapUtil.cs;374
AreByteArraysEqual;System.Boolean WizMachine.Utils.BitmapUtil.AreByteArraysEqual(System.Byte[],System.Byte[]);20;15;C:\Users\Hp\source\repos\users\trdhuy\ArtWiz\libs\WizMachine\WizMachine\Utils\BitmapUtil.cs;482
CertManagerUtil;static WizMachine.Utils.CertManagerUtil.CertManagerUtil();15;15;C:\Users\Hp\source\repos\users\trdhuy\ArtWiz\libs\WizMachine\WizMachine\Utils\CertManagerUtil.cs;17
ForceCheckCurrentAssemblyCert;void WizMachine.Utils.CertManagerUtil.ForceCheckCurrentAssemblyCert();4;4;C:\Users\Hp\source\repos\users\trdhuy\ArtWiz\libs\WizMachine\WizMachine\Utils\CertManagerUtil.cs;33
ForceCheckCert;void WizMachine.Utils.CertManagerUtil.ForceCheckCert(System.String);15;14;C:\Users\Hp\source\repos\users\trdhuy\ArtWiz\libs\WizMachine\WizMachine\Utils\CertManagerUtil.cs;38
CalculateEuclideanDistance;System.Double WizMachine.Utils.ColorUtil.CalculateEuclideanDistance(System.Windows.Media.Color,System.Windows.Media.Color);7;7;C:\Users\Hp\source\repos\users\trdhuy\ArtWiz\libs\WizMachine\WizMachine\Utils\ColorUtil.cs;9
CalculateRGBEuclideanDistance;System.Double WizMachine.Utils.ColorUtil.CalculateRGBEuclideanDistance(System.Byte,System.Byte,System.Byte,WizMachine.Data.PaletteColor);7;7;C:\Users\Hp\source\repos\users\trdhuy\ArtWiz\libs\WizMachine\WizMachine\Utils\ColorUtil.cs;17
CalculateRGBEuclideanDistance;System.Double WizMachine.Utils.ColorUtil.CalculateRGBEuclideanDistance(WizMachine.Data.PaletteColor,WizMachine.Data.PaletteColor);7;7;C:\Users\Hp\source\repos\users\trdhuy\ArtWiz\libs\WizMachine\WizMachine\Utils\ColorUtil.cs;25
BlendColors;System.Windows.Media.Color WizMachine.Utils.ColorUtil.BlendColors(System.Windows.Media.Color,System.Windows.Media.Color);20;16;C:\Users\Hp\source\repos\users\trdhuy\ArtWiz\libs\WizMachine\WizMachine\Utils\ColorUtil.cs;33
FindAlphaColors;System.Byte WizMachine.Utils.ColorUtil.FindAlphaColors(System.Windows.Media.Color,System.Windows.Media.Color,System.Windows.Media.Color,out System.Byte);21;17;C:\Users\Hp\source\repos\users\trdhuy\ArtWiz\libs\WizMachine\WizMachine\Utils\ColorUtil.cs;54
ReduceSameItem;System.Collections.Generic.IEnumerable<T> WizMachine.Utils.Extension.ReduceSameItem<T>(System.Collections.Generic.IEnumerable<T>);4;4;C:\Users\Hp\source\repos\users\trdhuy\ArtWiz\libs\WizMachine\WizMachine\Utils\Extension.cs;11
CopyStructToList;void WizMachine.Utils.Extension.CopyStructToList<T>(T,System.Collections.Generic.List<System.Byte>);10;10;C:\Users\Hp\source\repos\users\trdhuy\ArtWiz\libs\WizMachine\WizMachine\Utils\Extension.cs;16
BinToStruct;System.Nullable<T> WizMachine.Utils.Extension.BinToStruct<T>(System.IO.FileStream,System.Int64);21;19;C:\Users\Hp\source\repos\users\trdhuy\ArtWiz\libs\WizMachine\WizMachine\Utils\Extension.cs;27
ToByteArray;System.Byte[] WizMachine.Utils.Extension.ToByteArray<T>(T);10;10;C:\Users\Hp\source\repos\users\trdhuy\ArtWiz\libs\WizMachine\WizMachine\Utils\Extension.cs;49
CopyStructToArray;void WizMachine.Utils.Extension.CopyStructToArray<T>(T,System.Byte[],System.Int32);9;9;C:\Users\Hp\source\repos\users\trdhuy\ArtWiz\libs\WizMachine\WizMachine\Utils\Extension.cs;60
IfNullThenLet;T WizMachine.Utils.SharpExtension.IfNullThenLet<T>(T,System.Func<T>);8;8;C:\Users\Hp\source\repos\users\trdhuy\ArtWiz\libs\WizMachine\WizMachine\Utils\Extension.cs;75
ApplyIfNotNull;void WizMachine.Utils.SharpExtension.ApplyIfNotNull<T1,T2>(System.ValueTuple<T1,T2>,System.Action<T1,T2>);7;7;C:\Users\Hp\source\repos\users\trdhuy\ArtWiz\libs\WizMachine\WizMachine\Utils\Extension.cs;84
Apply;void WizMachine.Utils.SharpExtension.Apply<T>(T,System.Action<T>);4;4;C:\Users\Hp\source\repos\users\trdhuy\ArtWiz\libs\WizMachine\WizMachine\Utils\Extension.cs;92
Let;R WizMachine.Utils.SharpExtension.Let<T,R>(T,System.Func<T,R>);4;4;C:\Users\Hp\source\repos\users\trdhuy\ArtWiz\libs\WizMachine\WizMachine\Utils\Extension.cs;97
Also;T WizMachine.Utils.SharpExtension.Also<T>(T,System.Action<T>);5;5;C:\Users\Hp\source\repos\users\trdhuy\ArtWiz\libs\WizMachine\WizMachine\Utils\Extension.cs;102
FoEach;void WizMachine.Utils.SharpExtension.FoEach<T>(System.Collections.Generic.IEnumerable<T>,System.Action<T>);7;7;C:\Users\Hp\source\repos\users\trdhuy\ArtWiz\libs\WizMachine\WizMachine\Utils\Extension.cs;108
FoEach;void WizMachine.Utils.SharpExtension.FoEach<T>(System.Collections.Generic.IEnumerable<T>,System.Action<System.Int32,T>);10;10;C:\Users\Hp\source\repos\users\trdhuy\ArtWiz\libs\WizMachine\WizMachine\Utils\Extension.cs;116
IfNullOrEmpty;void WizMachine.Utils.SharpExtension.IfNullOrEmpty(System.String,System.Action);7;7;C:\Users\Hp\source\repos\users\trdhuy\ArtWiz\libs\WizMachine\WizMachine\Utils\Extension.cs;127
IfNotNullOrEmpty;void WizMachine.Utils.SharpExtension.IfNotNullOrEmpty(System.String,System.Action<System.String>);7;7;C:\Users\Hp\source\repos\users\trdhuy\ArtWiz\libs\WizMachine\WizMachine\Utils\Extension.cs;135
FoEach;void WizMachine.Utils.SharpExtension.FoEach<T>(System.Collections.Generic.IEnumerable<T>,System.Func<System.Int32,T,System.Boolean>);11;11;C:\Users\Hp\source\repos\users\trdhuy\ArtWiz\libs\WizMachine\WizMachine\Utils\Extension.cs;143
FoEach;System.Boolean WizMachine.Utils.SharpExtension.FoEach<T>(System.Collections.Generic.IEnumerable<T>,System.Func<T,System.Boolean>);9;9;C:\Users\Hp\source\repos\users\trdhuy\ArtWiz\libs\WizMachine\WizMachine\Utils\Extension.cs;155
For;void WizMachine.Utils.SharpExtension.For<T>(System.Int32,out T,System.Func<System.Int32,T,T>);8;8;C:\Users\Hp\source\repos\users\trdhuy\ArtWiz\libs\WizMachine\WizMachine\Utils\Extension.cs;165
ForEachNonEmptyLine;void WizMachine.Utils.SharpExtension.ForEachNonEmptyLine(System.String,System.Action<System.String>);8;8;C:\Users\Hp\source\repos\users\trdhuy\ArtWiz\libs\WizMachine\WizMachine\Utils\Extension.cs;174
ForEachLine;void WizMachine.Utils.SharpExtension.ForEachLine(System.String,System.Action<System.String>);8;8;C:\Users\Hp\source\repos\users\trdhuy\ArtWiz\libs\WizMachine\WizMachine\Utils\Extension.cs;183
IfFalseApply;System.Boolean WizMachine.Utils.SharpExtension.IfFalseApply(System.Boolean,System.Action<System.Boolean>);8;8;C:\Users\Hp\source\repos\users\trdhuy\ArtWiz\libs\WizMachine\WizMachine\Utils\Extension.cs;192
IfTrueApply;System.Boolean WizMachine.Utils.SharpExtension.IfTrueApply(System.Boolean,System.Action<System.Boolean>);8;8;C:\Users\Hp\source\repos\users\trdhuy\ArtWiz\libs\WizMachine\WizMachine\Utils\Extension.cs;201
ThrowIfNull;void WizMachine.Utils.SharpExtension.ThrowIfNull<T>(T);4;4;C:\Users\Hp\source\repos\users\trdhuy\ArtWiz\libs\WizMachine\WizMachine\Utils\Extension.cs;210
IfNull;T WizMachine.Utils.SharpExtension.IfNull<T>(T,System.Action<T>);6;6;C:\Users\Hp\source\repos\users\trdhuy\ArtWiz\libs\WizMachine\WizMachine\Utils\Extension.cs;215
IfIs;void WizMachine.Utils.SharpExtension.IfIs<T>(System.Object,System.Action<T>,System.Action);11;11;C:\Users\Hp\source\repos\users\trdhuy\ArtWiz\libs\WizMachine\WizMachine\Utils\Extension.cs;222
IfIsThenAlso;T WizMachine.Utils.SharpExtension.IfIsThenAlso<T>(System.Object,System.Func<T,T>);8;8;C:\Users\Hp\source\repos\users\trdhuy\ArtWiz\libs\WizMachine\WizMachine\Utils\Extension.cs;234
IfIsThenLet;R WizMachine.Utils.SharpExtension.IfIsThenLet<T,R>(System.Object,System.Func<T,R>);8;8;C:\Users\Hp\source\repos\users\trdhuy\ArtWiz\libs\WizMachine\WizMachine\Utils\Extension.cs;243
ThrowIfNull;T WizMachine.Utils.SharpExtension.ThrowIfNull<T>(T,System.Exception);4;4;C:\Users\Hp\source\repos\users\trdhuy\ArtWiz\libs\WizMachine\WizMachine\Utils\Extension.cs;253
Logger;WizMachine.Utils.Logger.Logger(System.String);4;4;C:\Users\Hp\source\repos\users\trdhuy\ArtWiz\libs\WizMachine\WizMachine\Utils\Logger.cs;22
Logger;static WizMachine.Utils.Logger.Logger();7;6;C:\Users\Hp\source\repos\users\trdhuy\ArtWiz\libs\WizMachine\WizMachine\Utils\Logger.cs;14
CurrentDomain_UnhandledException;void WizMachine.Utils.Logger.CurrentDomain_UnhandledException(System.Object,System.UnhandledExceptionEventArgs);7;7;C:\Users\Hp\source\repos\users\trdhuy\ArtWiz\libs\WizMachine\WizMachine\Utils\Logger.cs;27
D;void WizMachine.Utils.Logger.D(System.String,System.String);8;3;C:\Users\Hp\source\repos\users\trdhuy\ArtWiz\libs\WizMachine\WizMachine\Utils\Logger.cs;35
I;void WizMachine.Utils.Logger.I(System.String,System.String);6;6;C:\Users\Hp\source\repos\users\trdhuy\ArtWiz\libs\WizMachine\WizMachine\Utils\Logger.cs;44
E;void WizMachine.Utils.Logger.E(System.String,System.String);6;6;C:\Users\Hp\source\repos\users\trdhuy\ArtWiz\libs\WizMachine\WizMachine\Utils\Logger.cs;51
D;void WizMachine.Utils.Logger.Raw.D(System.String,System.String);8;3;C:\Users\Hp\source\repos\users\trdhuy\ArtWiz\libs\WizMachine\WizMachine\Utils\Logger.cs;61
I;void WizMachine.Utils.Logger.Raw.I(System.String,System.String);6;6;C:\Users\Hp\source\repos\users\trdhuy\ArtWiz\libs\WizMachine\WizMachine\Utils\Logger.cs;70
E;void WizMachine.Utils.Logger.Raw.E(System.String,System.String);6;6;C:\Users\Hp\source\repos\users\trdhuy\ArtWiz\libs\WizMachine\WizMachine\Utils\Logger.cs;77
